PLAYER_NAME,TEAM_ABBREVIATION,POSITION,HEIGHT_INCHES,WEIGHT_LBS,PTS,REB,AST,STL,BLK,FG_PCT,FG3_PCT,FT_PCT
Shai Gilgeous-Alexander,OKC,PG,78,195,32.7,5.0,6.4,1.7,1.0,0.519,0.375,0.898
Giannis Antetokounmpo,MIL,PF,83,243,30.4,11.9,6.5,0.9,1.2,0.601,0.222,0.617
Nikola Jokić,DEN,C,83,284,29.6,12.7,10.2,1.8,0.6,0.576,0.417,0.8
Luka Dončić,2TM,PG,80,230,28.2,8.2,7.7,1.8,0.4,0.45,0.368,0.782
Anthony Edwards,MIN,SG,76,225,27.6,5.7,4.5,1.2,0.6,0.447,0.395,0.837
Jayson Tatum,BOS,PF,80,210,26.8,8.7,6.0,1.1,0.5,0.452,0.343,0.814
Kevin Durant,PHO,PF,83,240,26.6,6.0,4.2,0.8,1.2,0.527,0.43,0.839
Tyrese Maxey,PHI,PG,74,200,26.3,3.3,6.1,1.8,0.4,0.437,0.337,0.879
Cade Cunningham,DET,PG,78,220,26.1,6.1,9.1,1.0,0.8,0.469,0.356,0.846
Jalen Brunson,NYK,PG,74,190,26.0,2.9,7.3,0.9,0.1,0.488,0.383,0.821
Paolo Banchero,ORL,PF,82,250,25.9,7.5,4.8,0.8,0.6,0.452,0.32,0.727
Devin Booker,PHO,SG,77,206,25.6,4.1,7.1,0.9,0.2,0.461,0.332,0.894
LaMelo Ball,CHO,PG,79,180,25.2,4.9,7.4,1.1,0.3,0.405,0.339,0.843
Damian Lillard,MIL,PG,74,200,24.9,4.7,7.1,1.2,0.2,0.448,0.376,0.921
Anthony Davis,2TM,C,82,253,24.7,11.6,3.5,1.2,2.2,0.516,0.282,0.775
Kyrie Irving,DAL,SG,74,195,24.7,4.8,4.6,1.3,0.5,0.473,0.401,0.916
Zion Williamson,NOP,PF,78,284,24.6,7.2,5.3,1.2,0.9,0.567,0.231,0.656
Stephen Curry,GSW,PG,74,185,24.5,4.4,6.0,1.1,0.4,0.448,0.397,0.933
LeBron James,LAL,SF,81,250,24.4,7.8,8.2,1.0,0.6,0.513,0.376,0.782
Karl-Anthony Towns,NYK,C,84,248,24.4,12.8,3.1,1.0,0.7,0.526,0.42,0.829
Victor Wembanyama,SAS,C,88,235,24.3,11.0,3.7,1.1,3.8,0.476,0.352,0.836
Franz Wagner,ORL,SF,82,220,24.2,5.7,4.7,1.3,0.4,0.463,0.295,0.871
Trae Young,ATL,PG,74,164,24.2,3.1,11.6,1.2,0.2,0.411,0.34,0.875
Donovan Mitchell,CLE,SG,74,215,24.0,4.5,5.0,1.3,0.2,0.443,0.368,0.823
Cam Thomas,BRK,SG,75,210,24.0,3.3,3.8,0.6,0.1,0.438,0.349,0.881
Tyler Herro,MIA,SG,77,195,23.9,5.2,5.5,0.9,0.2,0.472,0.375,0.878
Joel Embiid,PHI,C,84,280,23.8,8.2,4.5,0.7,0.9,0.444,0.299,0.882
De'Aaron Fox,2TM,PG,75,185,23.5,4.8,6.3,1.5,0.4,0.463,0.31,0.827
Zach LaVine,2TM,SG,77,200,23.3,4.3,4.2,0.8,0.2,0.511,0.446,0.825
Ja Morant,MEM,PG,74,174,23.2,4.1,7.3,1.2,0.2,0.454,0.309,0.824
James Harden,LAC,PG,77,220,22.8,5.8,8.7,1.5,0.7,0.41,0.352,0.874
Jaylen Brown,BOS,SF,78,223,22.2,5.8,4.5,1.2,0.3,0.463,0.324,0.764
DeMar DeRozan,SAC,SF,78,220,22.2,3.9,4.4,0.8,0.4,0.477,0.328,0.857
Brandon Ingram,NOP,SF,80,190,22.2,5.6,5.2,0.9,0.6,0.465,0.374,0.855
Jaren Jackson Jr.,MEM,C,82,242,22.2,5.6,2.0,1.2,1.5,0.488,0.375,0.781
Norman Powell,LAC,SG,75,215,21.8,3.2,2.1,1.2,0.2,0.484,0.418,0.804
Jalen Williams,OKC,SG,77,211,21.6,5.3,5.1,1.6,0.7,0.484,0.365,0.789
Kawhi Leonard,LAC,SF,78,225,21.5,5.9,3.1,1.6,0.5,0.498,0.411,0.81
Jamal Murray,DEN,PG,76,215,21.4,3.9,6.0,1.4,0.5,0.474,0.393,0.886
Trey Murphy III,NOP,SF,80,206,21.2,5.1,3.5,1.1,0.7,0.454,0.361,0.887
RJ Barrett,TOR,SF,78,214,21.1,6.3,5.4,0.8,0.3,0.468,0.35,0.63
CJ McCollum,NOP,PG,75,190,21.1,3.8,4.1,0.8,0.4,0.444,0.373,0.717
Jalen Green,HOU,SG,76,186,21.0,4.6,3.4,0.9,0.3,0.423,0.354,0.813
Brandon Miller,CHO,SF,79,200,21.0,4.9,3.6,1.1,0.7,0.403,0.355,0.861
Darius Garland,CLE,PG,73,192,20.6,2.9,6.7,1.2,0.1,0.472,0.401,0.878
Jordan Poole,WAS,SG,76,194,20.5,3.0,4.5,1.3,0.4,0.432,0.378,0.883
Coby White,CHI,SG,76,210,20.4,3.7,4.5,0.9,0.2,0.453,0.37,0.902
Miles Bridges,CHO,PF,79,225,20.3,7.5,3.9,0.7,0.7,0.431,0.313,0.87
Austin Reaves,LAL,SG,77,197,20.2,4.5,5.8,1.1,0.3,0.46,0.377,0.877
Pascal Siakam,IND,PF,80,245,20.2,6.9,3.4,0.9,0.5,0.519,0.389,0.734
Kristaps Porziņģis,BOS,C,86,240,19.5,6.8,2.1,0.7,1.5,0.483,0.412,0.809
Scottie Barnes,TOR,PF,80,237,19.3,7.7,5.8,1.4,1.0,0.446,0.271,0.755
Anfernee Simons,POR,SG,75,200,19.3,2.7,4.8,0.9,0.1,0.426,0.363,0.902
Desmond Bane,MEM,SG,78,215,19.2,6.1,5.3,1.2,0.4,0.484,0.392,0.894
Domantas Sabonis,SAC,C,82,240,19.1,13.9,6.0,0.7,0.4,0.59,0.417,0.754
Alperen Şengün,HOU,C,83,243,19.1,10.3,4.9,1.1,0.8,0.496,0.233,0.692
John Collins,UTA,PF,81,226,19.0,8.2,2.0,1.0,1.0,0.527,0.399,0.848
Lauri Markkanen,UTA,PF,85,240,19.0,5.9,1.5,0.7,0.4,0.423,0.346,0.876
Jalen Johnson,ATL,SF,80,219,18.9,10.0,5.0,1.6,1.0,0.5,0.312,0.746
Cameron Johnson,BRK,PF,80,210,18.8,4.3,3.4,0.9,0.4,0.475,0.39,0.893
Julius Randle,MIN,PF,81,250,18.7,7.1,4.7,0.7,0.2,0.485,0.344,0.806
Tyrese Haliburton,IND,PG,77,185,18.6,3.5,9.2,1.4,0.7,0.473,0.388,0.851
Evan Mobley,CLE,PF,83,215,18.5,9.3,3.2,0.9,1.6,0.557,0.37,0.725
Shaedon Sharpe,POR,SG,77,210,18.5,4.5,2.8,0.9,0.2,0.452,0.311,0.785
Nikola Vučević,CHI,C,81,265,18.5,10.1,3.5,0.8,0.7,0.53,0.402,0.805
Collin Sexton,UTA,SG,75,190,18.4,2.7,4.2,0.7,0.1,0.48,0.406,0.865
Michael Porter Jr.,DEN,SF,82,218,18.2,7.0,2.1,0.6,0.5,0.504,0.395,0.768
Bam Adebayo,MIA,C,81,255,18.1,9.6,4.3,1.3,0.7,0.485,0.357,0.765
Andrew Wiggins,2TM,SF,78,197,18.0,4.5,2.6,1.0,0.8,0.448,0.374,0.763
OG Anunoby,NYK,PF,79,240,18.0,4.8,2.2,1.5,0.9,0.476,0.372,0.81
Mikal Bridges,NYK,SF,78,209,17.6,3.2,3.7,0.9,0.5,0.5,0.354,0.814
Jaden Ivey,DET,SG,75,195,17.6,4.1,4.0,0.9,0.4,0.46,0.409,0.733
Jimmy Butler,2TM,SF,78,230,17.5,5.4,5.4,1.4,0.3,0.504,0.308,0.842
Dejounte Murray,NOP,PG,76,180,17.5,6.5,7.4,2.0,0.4,0.393,0.299,0.823
Malik Monk,SAC,SG,75,200,17.2,3.8,5.6,0.9,0.6,0.439,0.325,0.865
Immanuel Quickley,TOR,PG,74,190,17.1,3.5,5.8,0.7,0.1,0.42,0.378,0.867
De'Andre Hunter,2TM,SF,79,221,17.0,4.0,1.4,0.8,0.2,0.47,0.405,0.846
Bradley Beal,PHO,SG,76,207,17.0,3.3,3.7,1.1,0.5,0.497,0.386,0.803
Deni Avdija,POR,SF,80,228,16.9,7.3,3.9,1.0,0.5,0.476,0.365,0.78
Keyonte George,UTA,PG,76,185,16.8,3.8,5.6,0.7,0.1,0.391,0.343,0.818
Ivica Zubac,LAC,C,84,240,16.8,12.6,2.7,0.7,1.1,0.628,0.0,0.661
Derrick White,BOS,SG,76,190,16.4,4.5,4.8,0.9,1.1,0.442,0.384,0.839
Malik Beasley,DET,SG,76,187,16.3,2.6,1.7,0.9,0.1,0.43,0.416,0.679
Devin Vassell,SAS,SG,77,200,16.3,4.0,2.9,1.3,0.5,0.443,0.368,0.792
Jordan Clarkson,UTA,SG,77,194,16.2,3.2,3.7,0.8,0.2,0.408,0.362,0.797
Paul George,PHI,PF,80,220,16.2,5.3,4.3,1.8,0.5,0.43,0.358,0.814
Jalen Suggs,ORL,PG,77,205,16.2,4.0,3.7,1.5,0.9,0.41,0.314,0.882
Bennedict Mathurin,IND,SF,77,210,16.1,5.3,1.9,0.7,0.3,0.458,0.34,0.831
Myles Turner,IND,C,83,250,15.6,6.5,1.5,0.8,2.0,0.481,0.396,0.773
Christian Braun,DEN,SG,78,220,15.4,5.2,2.6,1.1,0.5,0.58,0.397,0.827
Jonathan Kuminga,GSW,PF,79,225,15.3,4.6,2.2,0.8,0.4,0.454,0.305,0.668
Jared McCain,PHI,SG,75,195,15.3,2.4,2.6,0.7,0.0,0.46,0.383,0.875
Mark Williams,CHO,C,85,240,15.3,10.2,2.5,0.7,1.2,0.604,0.0,0.804
Kelly Oubre Jr.,PHI,SF,80,203,15.1,6.1,1.8,1.5,0.5,0.47,0.293,0.751
Chet Holmgren,OKC,C,85,208,15.0,8.0,2.0,0.7,2.2,0.49,0.379,0.754
Kyle Kuzma,2TM,PF,80,221,14.8,5.7,2.3,0.6,0.3,0.436,0.307,0.634
Stephon Castle,SAS,SG,78,215,14.7,3.7,4.1,0.9,0.3,0.428,0.285,0.724
Aaron Gordon,DEN,PF,80,235,14.7,4.8,3.2,0.5,0.3,0.531,0.436,0.81
P.J. Washington,DAL,PF,79,230,14.7,7.8,2.3,1.1,1.1,0.453,0.381,0.722
Quentin Grimes,2TM,SG,76,210,14.6,4.3,3.0,1.0,0.3,0.467,0.385,0.757
Josh Giddey,CHI,PG,79,214,14.6,8.1,7.2,1.2,0.6,0.465,0.378,0.781
Jakob Poeltl,TOR,C,84,253,14.5,9.6,2.8,1.2,1.2,0.627,0.333,0.674
Deandre Ayton,POR,C,84,252,14.4,10.2,1.6,0.8,1.0,0.566,0.188,0.667
Gradey Dick,TOR,SG,79,200,14.4,3.6,1.8,0.9,0.2,0.41,0.35,0.858
Jerami Grant,POR,PF,79,213,14.4,3.5,2.1,0.9,1.0,0.373,0.365,0.849
Payton Pritchard,BOS,PG,73,195,14.3,3.8,3.5,0.9,0.2,0.472,0.407,0.845
Naz Reid,MIN,C,81,264,14.2,6.0,2.3,0.7,0.9,0.462,0.379,0.776
Dyson Daniels,ATL,SG,79,199,14.1,5.9,4.4,3.0,0.7,0.493,0.34,0.593
Tre Mann,CHO,PG,76,178,14.1,2.9,3.0,0.5,0.3,0.435,0.4,0.905
Amen Thompson,HOU,SF,79,200,14.1,8.2,3.8,1.4,1.3,0.557,0.275,0.684
Fred VanVleet,HOU,PG,72,197,14.1,3.7,5.6,1.6,0.4,0.378,0.345,0.81
Dillon Brooks,HOU,SF,79,225,14.0,3.7,1.7,0.8,0.2,0.429,0.397,0.818
Tolu Smith,DET,PF,78,215,14.0,8.0,0.0,0.0,0.0,0.667,0.0,0.667
Klay Thompson,DAL,SF,77,220,14.0,3.4,2.0,0.7,0.4,0.412,0.391,0.905
Bobby Portis,MIL,PF,81,250,13.9,8.4,2.1,0.7,0.5,0.466,0.365,0.836
Tobias Harris,DET,PF,80,226,13.7,5.9,2.2,1.0,0.8,0.477,0.345,0.861
Josh Hart,NYK,SG,77,215,13.6,9.6,5.9,1.5,0.4,0.525,0.333,0.776
Jarrett Allen,CLE,C,81,243,13.5,9.7,1.9,0.9,0.9,0.706,0.0,0.718
Onyeka Okongwu,ATL,C,82,240,13.4,8.9,2.3,0.9,0.9,0.567,0.324,0.759
Russell Westbrook,DEN,PG,76,200,13.3,4.9,6.1,1.4,0.5,0.449,0.323,0.661
Naji Marshall,DAL,SF,78,220,13.2,4.8,3.0,1.0,0.2,0.508,0.275,0.813
Dennis Schröder,3TM,PG,73,175,13.1,2.6,5.4,0.9,0.2,0.406,0.342,0.838
Rui Hachimura,LAL,PF,80,230,13.1,5.0,1.4,0.8,0.4,0.509,0.413,0.77
Brook Lopez,MIL,C,85,282,13.0,5.0,1.8,0.6,1.9,0.509,0.373,0.826
Alex Sarr,WAS,C,84,205,13.0,6.5,2.4,0.7,1.5,0.394,0.308,0.679
Moritz Wagner,ORL,C,83,245,12.9,4.9,1.4,0.8,0.4,0.562,0.36,0.718
Malcolm Brogdon,WAS,PG,76,229,12.7,3.8,4.1,0.5,0.2,0.433,0.286,0.88
Scoot Henderson,POR,PG,75,207,12.7,3.0,5.1,1.0,0.2,0.419,0.354,0.767
Keldon Johnson,SAS,SF,78,220,12.7,4.8,1.6,0.6,0.3,0.482,0.318,0.773
D'Angelo Russell,2TM,PG,75,193,12.6,2.8,5.1,1.0,0.4,0.39,0.314,0.834
Zaccharie Risacher,ATL,SF,80,200,12.6,3.6,1.2,0.7,0.5,0.458,0.355,0.711
Santi Aldama,MEM,PF,84,215,12.5,6.4,2.9,0.8,0.4,0.483,0.368,0.691
Ty Jerome,CLE,SG,77,195,12.5,2.5,3.4,1.1,0.0,0.516,0.439,0.872
Keegan Murray,SAC,PF,80,225,12.4,6.7,1.4,0.8,0.9,0.444,0.343,0.833
Lonnie Walker IV,PHI,SG,76,204,12.4,3.2,2.5,0.5,0.3,0.42,0.354,0.8
Harrison Barnes,SAS,PF,79,225,12.3,3.8,1.7,0.5,0.2,0.508,0.433,0.809
Bilal Coulibaly,WAS,SF,79,195,12.3,5.0,3.4,1.3,0.7,0.421,0.281,0.746
Ayo Dosunmu,CHI,SG,76,201,12.3,3.5,4.5,0.9,0.4,0.492,0.328,0.785
Daniel Gafford,DAL,C,82,265,12.3,6.8,1.4,0.4,1.8,0.702,0.0,0.689
Jaden McDaniels,MIN,PF,81,185,12.2,5.7,2.0,1.3,0.9,0.477,0.33,0.813
Jabari Smith Jr.,HOU,PF,83,220,12.2,7.0,1.1,0.4,0.7,0.438,0.354,0.825
Caris LeVert,2TM,SG,79,205,12.1,3.2,3.4,0.9,0.5,0.467,0.373,0.71
Drew Timme,BRK,PF,81,235,12.1,7.2,2.2,0.4,0.1,0.441,0.257,0.625
Tari Eason,HOU,PF,80,215,12.0,6.4,1.5,1.7,0.9,0.487,0.342,0.76
Rudy Gobert,MIN,C,85,258,12.0,10.9,1.8,0.8,1.4,0.669,0.0,0.674
Aaron Nesmith,IND,SF,77,215,12.0,4.0,1.2,0.8,0.4,0.507,0.431,0.913
Aaron Wiggins,OKC,SG,77,190,12.0,3.9,1.8,0.8,0.2,0.488,0.383,0.831
Khris Middleton,2TM,SF,79,222,11.9,3.7,4.1,0.9,0.2,0.475,0.361,0.857
Jalen Duren,DET,C,82,250,11.8,10.3,2.7,0.7,1.1,0.692,0.0,0.669
Donte DiVincenzo,MIN,SG,76,203,11.7,3.7,3.6,1.2,0.3,0.422,0.397,0.778
Brandin Podziemski,GSW,SG,76,205,11.7,5.1,3.4,1.1,0.2,0.445,0.372,0.758
Corey Kispert,WAS,SF,78,224,11.6,3.0,1.7,0.4,0.2,0.451,0.364,0.852
Jeremy Sochan,SAS,PF,80,230,11.4,6.5,2.4,0.8,0.5,0.535,0.308,0.696
Toumani Camara,POR,PF,79,230,11.3,5.8,2.2,1.5,0.6,0.458,0.375,0.722
Isaiah Hartenstein,OKC,C,84,250,11.2,10.7,3.8,0.8,1.1,0.581,0.0,0.675
Buddy Hield,GSW,SG,76,220,11.1,3.2,1.6,0.8,0.3,0.417,0.37,0.828
Jrue Holiday,BOS,PG,76,220,11.1,4.3,3.9,1.1,0.4,0.443,0.353,0.909
Walker Kessler,UTA,C,86,245,11.1,12.2,1.7,0.6,2.4,0.663,0.176,0.52
Gary Trent Jr.,MIL,SG,77,204,11.1,2.3,1.2,1.0,0.1,0.431,0.416,0.848
Spencer Dinwiddie,DAL,PG,77,215,11.0,2.6,4.4,0.9,0.2,0.416,0.334,0.802
Tim Hardaway Jr.,DET,SG,77,205,11.0,2.4,1.6,0.5,0.1,0.406,0.368,0.855
Duncan Robinson,MIA,SF,79,215,11.0,2.3,2.4,0.5,0.1,0.437,0.393,0.887
Guerschon Yabusele,PHI,C,79,265,11.0,5.6,2.1,0.8,0.3,0.501,0.38,0.725
Brice Sensabaugh,UTA,SF,78,235,10.9,3.0,1.5,0.6,0.1,0.459,0.422,0.89
Bogdan Bogdanović,2TM,SG,77,225,10.8,2.9,2.7,0.8,0.2,0.427,0.363,0.879
Jordan Hawkins,NOP,SG,77,190,10.8,2.8,1.2,0.5,0.4,0.372,0.331,0.816
Brandon Boston Jr.,NOP,SG,78,215,10.7,3.2,2.2,1.3,0.2,0.436,0.35,0.788
Nikola Jović,MIA,PF,82,205,10.7,3.9,2.8,0.8,0.3,0.456,0.371,0.828
Grayson Allen,PHO,SG,75,198,10.6,3.0,2.1,0.8,0.3,0.448,0.426,0.816
Keon Johnson,BRK,SG,77,185,10.6,3.8,2.2,1.0,0.4,0.389,0.314,0.77
Terry Rozier,MIA,PG,73,190,10.6,3.7,2.6,0.6,0.2,0.391,0.295,0.852
Obi Toppin,IND,PF,81,220,10.5,4.0,1.6,0.6,0.4,0.529,0.365,0.781
Jonas Valančiūnas,2TM,C,83,265,10.4,7.7,2.0,0.5,0.6,0.55,0.216,0.879
Ochai Agbaji,TOR,SG,77,215,10.4,3.8,1.5,0.9,0.5,0.498,0.399,0.708
Jaylen Wells,MEM,SG,78,215,10.4,3.4,1.7,0.6,0.1,0.425,0.352,0.822
Grant Williams,CHO,PF,79,236,10.4,5.1,2.3,1.1,0.8,0.439,0.365,0.838
Kevin Porter Jr.,2TM,SG,77,203,10.3,3.7,3.4,1.1,0.2,0.449,0.311,0.769
Jose Alvarado,NOP,PG,72,179,10.3,2.4,4.6,1.3,0.3,0.392,0.359,0.811
Nic Claxton,BRK,C,83,215,10.3,7.4,2.2,0.9,1.4,0.563,0.238,0.513
Herbert Jones,NOP,SF,79,206,10.3,3.9,3.3,1.9,0.5,0.436,0.306,0.825
De'Anthony Melton,GSW,SG,74,200,10.3,3.3,2.8,1.2,0.3,0.407,0.371,0.625
Isaiah Joe,OKC,SG,76,165,10.2,2.6,1.6,0.6,0.1,0.44,0.412,0.821
Tyus Jones,PHO,PG,72,196,10.2,2.4,5.3,0.9,0.1,0.448,0.414,0.895
Trendon Watford,BRK,PF,80,237,10.2,3.6,2.6,0.6,0.3,0.469,0.33,0.762
Keion Brooks Jr.,NOP,SF,79,210,10.1,4.1,0.9,0.7,0.7,0.486,0.326,0.733
Luguentz Dort,OKC,SF,76,220,10.1,4.1,1.6,1.1,0.5,0.435,0.412,0.717
Justin Edwards,PHI,SF,79,203,10.1,3.4,1.6,1.0,0.4,0.455,0.363,0.696
Derrick Jones Jr.,LAC,SF,78,210,10.1,3.4,0.8,1.0,0.4,0.526,0.356,0.703
Ausar Thompson,DET,SF,79,205,10.1,5.1,2.3,1.7,0.7,0.535,0.224,0.641
Chris Boucher,TOR,PF,80,200,10.0,4.5,0.7,0.5,0.5,0.492,0.363,0.782
Andrew Nembhard,IND,SG,76,191,10.0,3.3,5.0,1.2,0.2,0.458,0.291,0.794
Ziaire Williams,BRK,SF,81,185,10.0,4.6,1.3,1.0,0.4,0.412,0.341,0.821
Kevin Huerter,2TM,SG,78,190,9.9,3.0,2.3,1.0,0.3,0.425,0.338,0.714
Georges Niang,2TM,PF,79,230,9.9,3.4,1.4,0.4,0.2,0.461,0.406,0.793
Julian Champagnie,SAS,SF,79,217,9.9,3.9,1.4,0.7,0.4,0.415,0.371,0.904
Scotty Pippen Jr.,MEM,PG,74,170,9.9,3.3,4.4,1.3,0.4,0.48,0.397,0.713
Nick Smith Jr.,CHO,SG,74,185,9.9,2.1,2.4,0.3,0.1,0.391,0.34,0.935
Bub Carrington,WAS,PG,76,190,9.8,4.2,4.4,0.7,0.3,0.401,0.339,0.812
Moses Moody,GSW,SG,77,211,9.8,2.6,1.3,0.8,0.4,0.433,0.374,0.797
Amir Coffey,LAC,SG,79,210,9.7,2.2,1.1,0.6,0.1,0.471,0.409,0.891
Max Christie,2TM,SG,77,190,9.6,3.3,1.9,0.8,0.4,0.427,0.366,0.855
Kyle Filipowski,UTA,C,83,250,9.6,6.1,1.9,0.7,0.3,0.502,0.35,0.65
Tosan Evbuomwan,BRK,SF,80,217,9.5,4.3,2.0,0.9,0.4,0.427,0.312,0.753
Miles McBride,NYK,SG,74,195,9.5,2.5,2.9,1.0,0.3,0.406,0.369,0.813
Jalen Wilson,BRK,PF,78,220,9.5,3.4,1.8,0.5,0.1,0.397,0.337,0.818
Nickeil Alexander-Walker,MIN,SG,77,205,9.4,3.2,2.7,0.6,0.4,0.438,0.381,0.78
Cole Anthony,ORL,PG,74,185,9.4,3.0,2.9,0.7,0.5,0.424,0.353,0.823
Anthony Black,ORL,PG,79,200,9.4,2.9,3.1,1.1,0.6,0.423,0.318,0.761
Max Strus,CLE,SF,77,215,9.4,4.3,3.2,0.5,0.2,0.442,0.386,0.824
Tristan Vukcevic,WAS,C,84,220,9.4,3.7,1.1,0.3,0.7,0.496,0.373,0.776
Cam Whitmore,HOU,SF,78,230,9.4,3.0,1.0,0.6,0.3,0.444,0.355,0.75
Nick Richards,2TM,C,83,245,9.3,8.2,0.9,0.2,1.0,0.591,0.0,0.744
Kel'el Ware,MIA,C,84,230,9.3,7.4,0.9,0.6,1.1,0.554,0.315,0.687
Zach Edey,MEM,C,87,305,9.2,8.3,1.0,0.5,1.3,0.58,0.346,0.709
Wendell Carter Jr.,ORL,C,82,270,9.1,7.2,2.0,0.8,0.6,0.46,0.234,0.737
Noah Clowney,BRK,PF,82,210,9.1,3.9,0.9,0.5,0.5,0.358,0.333,0.838
Dalton Knecht,LAL,SF,78,215,9.1,2.8,0.8,0.3,0.1,0.461,0.376,0.762
A.J. Lawson,TOR,SG,78,179,9.1,3.3,1.2,0.5,0.2,0.421,0.327,0.683
T.J. McConnell,IND,PG,73,190,9.1,2.4,4.4,1.1,0.3,0.519,0.306,0.74
Yves Missi,NOP,C,83,235,9.1,8.2,1.4,0.5,1.3,0.547,0.0,0.623
Royce O'Neale,PHO,SF,78,226,9.1,4.7,2.2,0.9,0.5,0.423,0.406,0.731
Jared Butler,2TM,SG,75,193,9.0,1.8,3.7,0.7,0.2,0.448,0.355,0.824
Marcus Smart,2TM,PG,75,220,9.0,2.1,3.2,1.1,0.3,0.393,0.348,0.761
Draymond Green,GSW,PF,78,230,9.0,6.1,5.6,1.5,1.0,0.424,0.325,0.687
Killian Hayes,BRK,PG,76,195,9.0,3.0,5.2,0.7,0.7,0.419,0.381,0.833
Al Horford,BOS,C,80,240,9.0,6.2,2.1,0.6,0.9,0.423,0.363,0.895
Julian Strawther,DEN,SG,78,205,9.0,2.2,1.3,0.6,0.2,0.432,0.349,0.822
Patrick Williams,CHI,PF,78,235,9.0,3.8,2.0,0.8,0.5,0.397,0.353,0.723
Jusuf Nurkić,2TM,C,83,290,8.9,7.8,2.3,0.8,0.7,0.477,0.305,0.664
Clint Capela,ATL,C,82,256,8.9,8.5,1.1,0.6,1.0,0.559,0.0,0.536
Johnny Juzang,UTA,SG,79,226,8.9,2.9,1.1,0.6,0.1,0.429,0.376,0.849
Luke Kennard,MEM,SG,77,206,8.9,2.8,3.3,0.8,0.1,0.478,0.433,0.895
Justin Champagnie,WAS,SF,78,206,8.8,5.7,1.0,1.0,0.6,0.511,0.383,0.685
Svi Mykhailiuk,UTA,SF,79,205,8.8,2.4,2.0,0.5,0.2,0.391,0.345,0.8
Chris Paul,SAS,PG,72,175,8.8,3.6,7.4,1.3,0.3,0.427,0.377,0.924
Kelly Olynyk,2TM,C,84,240,8.7,4.7,2.9,0.8,0.4,0.5,0.418,0.769
Dorian Finney-Smith,2TM,PF,79,220,8.7,3.9,1.4,0.9,0.4,0.448,0.411,0.667
Oshae Brissett,PHI,SF,79,210,8.7,3.7,0.7,0.7,0.5,0.487,0.333,0.571
Kentavious Caldwell-Pope,ORL,SG,77,204,8.7,2.2,1.8,1.3,0.4,0.439,0.342,0.863
Isaiah Collier,UTA,PG,76,210,8.7,3.3,6.3,0.9,0.2,0.422,0.249,0.682
Dante Exum,DAL,PG,77,214,8.7,1.7,2.8,0.6,0.2,0.478,0.434,0.742
Kyshawn George,WAS,SG,80,200,8.7,4.2,2.5,1.0,0.7,0.372,0.322,0.753
Jaden Hardy,DAL,SG,75,198,8.7,1.6,1.4,0.5,0.1,0.435,0.386,0.698
Dereck Lively II,DAL,C,85,230,8.7,7.5,2.4,0.6,1.6,0.702,0.0,0.63
Tyrese Martin,BRK,SG,78,215,8.7,3.7,2.0,0.6,0.2,0.406,0.351,0.793
Matas Buzelis,CHI,SF,80,196,8.6,3.5,1.0,0.4,0.9,0.454,0.361,0.815
Jaime Jaquez Jr.,MIA,SF,78,225,8.6,4.4,2.5,0.9,0.2,0.461,0.311,0.754
Ja'Kobe Walter,TOR,SG,76,180,8.6,3.1,1.6,0.8,0.2,0.405,0.349,0.795
Sam Hauser,BOS,PF,79,217,8.5,3.2,0.9,0.6,0.2,0.451,0.416,1.0
Larry Nance Jr.,ATL,PF,78,245,8.5,4.3,1.6,0.8,0.5,0.516,0.447,0.692
Jared Rhoden,2TM,SG,77,210,8.4,3.0,1.1,0.7,0.1,0.483,0.308,0.88
Jaylen Nowell,NOP,SG,76,201,8.4,2.5,2.3,0.1,0.5,0.356,0.296,0.636
Cason Wallace,OKC,SG,75,195,8.4,3.4,2.5,1.8,0.5,0.474,0.356,0.811
Bruce Brown,2TM,PG,76,202,8.3,4.0,2.0,0.8,0.2,0.421,0.333,0.815
Dalano Banton,POR,PG,80,203,8.3,2.0,2.4,0.6,0.5,0.391,0.324,0.728
Brandon Clarke,MEM,PF,80,215,8.3,5.1,1.0,0.8,0.6,0.621,0.059,0.701
Keon Ellis,SAC,SG,76,175,8.3,2.7,1.5,1.5,0.8,0.489,0.433,0.849
Brandon Williams,DAL,PG,78,215,8.3,1.8,2.3,0.7,0.2,0.521,0.4,0.833
Mike Conley,MIN,PG,73,175,8.2,2.6,4.5,1.1,0.2,0.4,0.41,0.9
Taurean Prince,MIL,SF,78,218,8.2,3.6,1.9,1.0,0.2,0.457,0.439,0.813
Jalen Smith,CHI,C,80,244,8.2,5.6,1.0,0.3,0.7,0.466,0.324,0.809
Quinten Post,GSW,PF,84,238,8.1,3.5,1.3,0.4,0.4,0.449,0.408,0.778
Peyton Watson,DEN,SF,80,200,8.1,3.4,1.4,0.7,1.4,0.477,0.353,0.693
Davion Mitchell,2TM,PG,72,202,7.9,2.3,4.9,1.0,0.2,0.468,0.398,0.69
Caleb Martin,2TM,SF,77,205,7.9,3.9,2.1,1.0,0.5,0.424,0.359,0.622
Tyson Etienne,BRK,PG,72,200,7.9,1.3,1.7,0.4,0.1,0.327,0.295,0.8
Day'Ron Sharpe,BRK,C,82,265,7.9,6.6,1.8,0.8,0.8,0.521,0.244,0.757
KJ Simpson,CHO,PG,74,189,7.8,3.0,3.1,0.9,0.2,0.346,0.254,0.82
Terance Mann,2TM,SG,78,215,7.7,3.0,1.8,0.7,0.2,0.496,0.368,0.691
Karlo Matković,NOP,PF,82,231,7.7,5.0,1.1,0.5,1.0,0.574,0.318,0.773
AJ Johnson,2TM,SG,77,160,7.6,2.0,2.6,0.4,0.1,0.385,0.267,0.865
Lonzo Ball,CHI,PG,77,190,7.6,3.4,3.3,1.3,0.5,0.366,0.344,0.815
Oscar Tshiebwe,UTA,C,80,255,7.6,8.7,0.6,0.9,0.1,0.6,0.0,0.742
Garrison Mathews,ATL,SG,77,215,7.5,1.9,1.3,0.6,0.3,0.397,0.39,0.821
Matisse Thybulle,POR,SG,77,202,7.5,3.5,1.9,2.2,0.6,0.477,0.438,0.467
A.J. Green,MIL,SG,78,215,7.4,2.4,1.5,0.5,0.1,0.429,0.427,0.815
Josh Green,CHO,SG,78,200,7.4,2.5,1.6,1.1,0.2,0.428,0.391,0.681
Richaun Holmes,WAS,PF,81,235,7.4,5.7,1.4,0.3,0.7,0.647,0.0,0.833
Damion Baugh,CHO,SG,76,194,7.3,3.3,3.7,1.0,0.1,0.323,0.214,0.867
Alec Burks,MIA,SG,77,214,7.3,2.5,1.1,0.6,0.1,0.424,0.425,0.776
Ricky Council IV,PHI,SF,78,207,7.3,2.9,1.3,0.4,0.2,0.382,0.258,0.804
Andre Drummond,PHI,C,83,279,7.3,7.8,0.9,1.0,0.5,0.5,0.15,0.622
Tre Jones,2TM,PG,73,190,7.2,2.5,4.2,0.8,0.2,0.538,0.396,0.821
Goga Bitadze,ORL,C,83,250,7.2,6.6,2.0,0.7,1.4,0.611,0.107,0.639
Tristan Da Silva,ORL,SF,80,217,7.2,3.3,1.5,0.4,0.2,0.412,0.335,0.873
GG Jackson II,MEM,PF,78,215,7.2,3.2,1.0,0.4,0.2,0.372,0.337,0.725
Vit Krejci,ATL,PG,80,195,7.2,2.7,2.6,0.6,0.5,0.497,0.437,0.711
Sam Merrill,CLE,SG,76,205,7.2,2.2,1.5,0.7,0.2,0.406,0.372,0.966
Daeqwon Plowden,ATL,SG,76,216,7.2,1.8,0.3,0.0,0.0,0.64,0.529,1.0
Nae'Qwan Tomlin,CLE,PF,80,210,7.2,4.2,0.4,0.0,0.2,0.406,0.2,0.727
Josh Okogie,2TM,SG,76,213,7.1,2.8,0.8,1.2,0.5,0.443,0.348,0.741
Jalen Hood-Schifino,2TM,SG,77,210,7.1,1.8,2.5,0.3,0.5,0.378,0.304,0.857
Jamison Battle,TOR,SF,79,220,7.1,2.7,0.9,0.3,0.2,0.429,0.405,0.889
Alex Caruso,OKC,SG,77,186,7.1,2.9,2.5,1.6,0.6,0.446,0.353,0.824
Jamal Shead,TOR,PG,73,200,7.1,1.5,4.2,0.8,0.1,0.405,0.323,0.768
Jeff Dowtin Jr.,PHI,PG,75,177,7.0,1.5,1.9,0.6,0.3,0.487,0.4,0.733
Marcus Garrett,CHO,SG,77,205,7.0,1.5,3.3,0.8,0.5,0.407,0.375,0.75
Isaiah Jackson,IND,C,80,205,7.0,5.6,1.0,0.6,1.6,0.609,0.0,0.5
Jaylen Sims,CHO,SG,78,210,7.0,1.0,2.0,0.5,0.2,0.429,0.4,0.8
Orlando Robinson,2TM,C,82,235,6.9,5.0,1.8,0.4,0.4,0.444,0.327,0.771
Jake LaRavia,2TM,PF,79,235,6.9,3.9,2.4,0.9,0.3,0.475,0.423,0.678
Ryan Dunn,PHO,SF,79,216,6.9,3.6,0.8,0.6,0.5,0.43,0.311,0.487
Jay Huff,MEM,C,85,240,6.9,2.0,0.6,0.3,0.9,0.515,0.405,0.786
Cameron Payne,NYK,PG,74,183,6.9,1.4,2.8,0.5,0.2,0.401,0.363,0.907
Antonio Reeves,NOP,SG,77,205,6.9,1.4,0.9,0.5,0.1,0.456,0.395,0.8
Cody Martin,2TM,SF,78,205,6.8,4.2,2.0,1.1,0.6,0.418,0.285,0.705
Bol Bol,PHO,PF,87,220,6.8,2.9,0.6,0.3,0.7,0.525,0.344,0.769
Eric Gordon,PHI,SG,75,215,6.8,1.2,1.7,0.7,0.3,0.426,0.409,0.75
Jaxson Hayes,LAL,C,84,220,6.8,4.8,1.0,0.6,0.9,0.722,0.0,0.622
Marcus Bagley,PHI,SF,78,217,6.7,7.0,1.0,0.9,1.2,0.391,0.156,0.8
DaQuan Jeffries,CHO,SG,77,222,6.7,2.9,1.1,0.6,0.5,0.405,0.335,0.8
Lester Quiñones,2TM,SG,76,208,6.6,1.5,1.8,0.2,0.2,0.397,0.295,0.846
Vasilije Micić,2TM,PG,75,188,6.6,2.2,3.1,0.4,0.0,0.348,0.36,0.829
Precious Achiuwa,NYK,C,80,243,6.6,5.6,1.0,0.8,0.7,0.502,0.278,0.594
Trayce Jackson-Davis,GSW,C,81,245,6.6,5.0,1.7,0.4,0.6,0.576,0.0,0.578
Marcus Sasser,DET,PG,73,195,6.6,1.2,2.3,0.6,0.1,0.463,0.382,0.843
Vince Williams Jr.,MEM,SG,76,205,6.6,3.6,2.0,0.4,0.3,0.401,0.274,0.792
Thomas Bryant,2TM,C,81,248,6.5,3.8,0.8,0.4,0.6,0.508,0.324,0.859
Donovan Clingan,POR,C,86,280,6.5,7.9,1.1,0.5,1.6,0.539,0.286,0.596
Seth Curry,CHO,SG,73,185,6.5,1.7,0.9,0.4,0.1,0.478,0.456,0.846
Haywood Highsmith,MIA,SF,77,220,6.5,3.4,1.5,0.9,0.5,0.458,0.382,0.721
Talen Horton-Tucker,CHI,SG,76,234,6.5,1.7,1.4,0.4,0.2,0.457,0.336,0.735
Trey Lyles,SAC,PF,81,234,6.5,4.6,1.2,0.6,0.3,0.42,0.34,0.7
Ajay Mitchell,OKC,SG,76,190,6.5,1.9,1.8,0.7,0.1,0.495,0.383,0.829
Gary Payton II,GSW,SG,74,195,6.5,3.0,1.3,0.8,0.3,0.574,0.326,0.711
Zach Collins,2TM,PF,81,240,6.4,4.5,1.7,0.5,0.5,0.507,0.302,0.885
Kris Dunn,LAC,PG,75,205,6.4,3.4,2.8,1.7,0.4,0.439,0.335,0.682
Ron Holland,DET,SF,78,215,6.4,2.7,1.0,0.6,0.2,0.474,0.238,0.754
KJ Martin,2TM,PF,78,215,6.4,2.9,1.1,0.4,0.5,0.552,0.259,0.787
Gabe Vincent,LAL,PG,74,200,6.4,1.3,1.4,0.7,0.2,0.4,0.353,0.714
Sandro Mamukelashvili,SAS,PF,81,240,6.3,3.1,0.8,0.4,0.3,0.502,0.373,0.741
Jeremiah Robinson-Earl,NOP,PF,81,240,6.3,4.8,1.3,0.6,0.1,0.455,0.341,0.836
Kenrich Williams,OKC,PF,79,210,6.3,3.5,1.4,0.6,0.1,0.483,0.386,0.718
Bones Hyland,2TM,PG,74,169,6.2,1.0,1.3,0.8,0.2,0.398,0.39,0.885
Jonathan Mogbo,TOR,PF,81,225,6.2,4.9,2.3,0.9,0.5,0.438,0.243,0.732
Ryan Rollins,MIL,PG,75,180,6.2,1.9,1.9,0.8,0.3,0.487,0.408,0.8
Dru Smith,MIA,SG,74,203,6.2,2.6,1.6,1.5,0.4,0.508,0.533,0.75
Isaac Okoro,CLE,SG,76,225,6.1,2.4,1.2,0.6,0.3,0.464,0.371,0.717
Jarace Walker,IND,PF,79,235,6.1,3.1,1.5,0.7,0.3,0.472,0.405,0.667
N'Faly Dante,HOU,C,83,230,6.0,5.3,0.5,0.3,1.3,0.769,0.0,0.8
Mouhamed Gueye,ATL,PF,83,210,6.0,4.2,0.8,0.8,1.0,0.421,0.259,0.762
Luke Kornet,BOS,C,85,250,6.0,5.3,1.6,0.5,1.0,0.668,0.0,0.691
Isaiah Mobley,PHI,PF,80,238,6.0,4.0,5.0,1.0,1.0,0.286,0.333,0.5
Isaiah Stewart,DET,C,80,250,6.0,5.5,1.7,0.4,1.4,0.559,0.321,0.759
James Wiseman,IND,C,83,240,6.0,1.0,0.0,0.0,0.0,0.5,0.0,1.0
Isaiah Wong,CHO,SG,75,185,6.0,1.6,1.4,0.6,0.0,0.39,0.394,0.735
Cole Swider,2TM,SF,80,220,5.9,2.7,0.3,0.4,0.2,0.349,0.319,0.0
Chuma Okeke,2TM,PF,79,229,5.9,5.2,1.7,0.6,0.4,0.5,0.393,0.667
Kyle Anderson,2TM,PF,80,230,5.9,3.4,2.4,0.7,0.5,0.469,0.357,0.738
Simone Fontecchio,DET,SF,79,209,5.9,2.9,0.9,0.4,0.2,0.402,0.335,0.833
Collin Gillespie,PHO,PG,73,195,5.9,2.4,2.4,0.6,0.2,0.43,0.433,0.864
Tidjane Salaün,CHO,PF,82,207,5.9,4.7,1.2,0.5,0.2,0.33,0.283,0.713
Jaylin Williams,OKC,PF,81,240,5.9,5.6,2.6,0.5,0.6,0.439,0.399,0.767
Moses Brown,2TM,C,86,258,5.8,3.4,0.2,0.5,0.3,0.694,0.0,0.727
Adem Bona,PHI,C,82,235,5.8,4.2,0.5,0.4,1.2,0.703,0.0,0.67
Quenton Jackson,IND,PG,76,173,5.8,1.6,1.9,0.8,0.2,0.475,0.375,0.775
Robert Williams,POR,C,81,249,5.8,5.9,1.1,0.7,1.7,0.641,0.333,0.882
Moussa Diabaté,CHO,C,82,210,5.7,6.2,0.8,0.6,0.6,0.596,0.0,0.595
Dariq Whitehead,BRK,SF,78,220,5.7,1.5,0.6,0.3,0.1,0.406,0.446,0.6
Landry Shamet,NYK,SG,77,190,5.7,1.2,0.5,0.5,0.0,0.461,0.397,0.667
Jordan Goodwin,LAL,PG,75,215,5.6,3.9,1.4,1.0,0.4,0.438,0.382,0.818
Shake Milton,2TM,SG,77,205,5.5,1.8,1.8,0.4,0.1,0.453,0.358,0.797
Aaron Holiday,HOU,PG,72,185,5.5,1.3,1.3,0.3,0.2,0.437,0.398,0.829
Jeff Green,HOU,PF,80,235,5.4,1.8,0.6,0.2,0.1,0.504,0.367,0.808
Jonathan Isaac,ORL,PF,82,230,5.4,4.4,0.6,0.9,1.1,0.414,0.258,0.682
Dean Wade,CLE,PF,81,228,5.4,4.2,1.3,0.7,0.3,0.413,0.36,0.533
Keaton Wallace,ATL,PG,75,185,5.4,1.6,2.6,0.9,0.3,0.401,0.329,1.0
Kobe Bufkin,ATL,SG,76,195,5.3,2.1,1.7,0.3,0.2,0.383,0.211,0.722
Jamal Cain,NOP,SF,79,191,5.3,2.3,0.6,0.6,0.2,0.43,0.325,0.68
Pat Connaughton,MIL,SG,77,209,5.3,2.7,1.7,0.2,0.3,0.469,0.321,0.774
Kevin Love,MIA,PF,82,251,5.3,4.1,1.0,0.7,0.2,0.357,0.358,0.696
Ben Sheppard,IND,SG,78,190,5.3,2.8,1.3,0.6,0.2,0.418,0.342,0.889
Monte Morris,PHO,PG,74,183,5.2,1.5,1.6,0.4,0.1,0.426,0.36,0.857
Jabari Walker,POR,PF,79,237,5.2,3.5,0.6,0.6,0.1,0.515,0.389,0.69
Javonte Green,2TM,SG,77,205,5.1,3.2,0.8,1.0,0.5,0.429,0.326,0.724
Alex Reese,2TM,PF,81,245,5.1,3.1,0.3,0.7,0.7,0.481,0.366,0.75
Bismack Biyombo,SAS,C,80,255,5.1,5.6,1.1,0.6,0.8,0.588,0.0,0.4
Mitchell Robinson,NYK,C,84,240,5.1,5.9,0.8,0.9,1.1,0.661,0.0,0.684
Kai Jones,2TM,C,83,221,5.0,3.1,0.6,0.4,0.6,0.798,0.2,0.719
Ben Simmons,2TM,PG,82,240,5.0,4.7,5.6,0.7,0.5,0.52,0.0,0.727
Malaki Branham,SAS,SG,76,180,5.0,1.1,0.8,0.2,0.0,0.458,0.405,0.818
Neemias Queta,BOS,C,84,248,5.0,3.8,0.7,0.3,0.7,0.65,0.0,0.754
Alondes Williams,DET,SG,76,210,5.0,0.0,1.0,0.0,0.0,1.0,1.0,0.0
Jaylen Martin,2TM,SF,78,216,4.9,2.8,1.1,0.6,0.0,0.419,0.304,0.9
Lindy Waters III,2TM,SG,77,210,4.9,2.1,1.0,0.5,0.2,0.369,0.344,0.727
Trevelin Queen,ORL,SG,77,190,4.9,1.7,1.2,1.0,0.3,0.381,0.286,0.857
Jock Landale,HOU,C,83,255,4.8,3.3,0.9,0.3,0.2,0.533,0.423,0.675
Colin Castleton,3TM,C,82,250,4.7,4.7,1.1,0.3,0.4,0.469,0.125,0.763
Taylor Hendricks,UTA,PF,81,215,4.7,5.0,0.7,1.7,1.3,0.222,0.25,0.75
David Roddy,3TM,PF,76,255,4.6,2.5,1.1,0.4,0.3,0.456,0.311,0.769
Drew Eubanks,2TM,C,82,245,4.6,3.7,0.9,0.2,0.6,0.593,0.5,0.662
Pelle Larsson,MIA,SG,77,215,4.6,1.7,1.2,0.6,0.1,0.438,0.337,0.672
Julian Phillips,CHI,SF,78,201,4.6,2.1,0.5,0.5,0.3,0.446,0.327,0.789
Cody Williams,UTA,SG,80,190,4.6,2.3,1.2,0.5,0.3,0.323,0.259,0.725
Rob Dillingham,MIN,PG,74,175,4.5,1.0,2.0,0.4,0.0,0.441,0.338,0.533
Jett Howard,ORL,SF,80,215,4.5,1.2,0.7,0.2,0.2,0.374,0.296,0.696
Kevon Looney,GSW,C,81,222,4.5,6.1,1.6,0.6,0.5,0.514,0.4,0.566
Mason Plumlee,PHO,C,84,254,4.5,6.1,1.8,0.4,0.6,0.619,0.0,0.648
Dalen Terry,CHI,SG,78,210,4.5,1.7,1.3,0.6,0.2,0.448,0.356,0.71
Marvin Bagley III,2TM,PF,82,235,4.4,2.7,0.4,0.3,0.3,0.519,0.158,0.657
Charles Bassey,SAS,C,82,230,4.4,4.2,0.5,0.4,0.8,0.581,0.0,0.636
Tony Bradley,IND,C,82,248,4.4,3.0,0.4,0.1,0.6,0.644,0.333,0.333
Reggie Jackson,PHI,PG,74,208,4.4,1.4,1.5,0.5,0.1,0.391,0.338,0.778
Reed Sheppard,HOU,PG,74,185,4.4,1.5,1.4,0.7,0.3,0.351,0.338,0.813
Lamar Stevens,MEM,PF,79,230,4.4,2.2,0.5,0.3,0.2,0.46,0.296,0.727
Mo Bamba,2TM,C,84,231,4.3,4.5,0.6,0.3,1.0,0.464,0.278,0.704
Jevon Carter,CHI,PG,72,190,4.3,1.1,1.1,0.4,0.1,0.377,0.333,0.8
Micah Potter,UTA,C,81,248,4.3,4.3,0.8,0.4,0.4,0.422,0.316,0.85
Terrence Shannon Jr.,MIN,SG,78,215,4.3,1.5,1.0,0.2,0.2,0.482,0.355,0.81
Daniel Theis,NOP,C,80,245,4.3,4.3,1.6,0.5,0.5,0.473,0.243,0.838
Torrey Craig,2TM,SF,77,221,4.2,2.8,0.7,0.3,0.5,0.422,0.364,0.667
Wendell Moore Jr.,2TM,SG,77,215,4.2,2.6,1.2,0.6,0.1,0.468,0.341,0.818
Dominick Barlow,ATL,PF,81,215,4.2,2.4,0.5,0.3,0.5,0.531,0.259,0.636
Kessler Edwards,DAL,SF,79,203,4.2,2.9,1.1,0.5,0.5,0.496,0.407,0.923
Oso Ighodaro,PHO,PF,83,235,4.2,3.6,1.2,0.5,0.5,0.604,0.0,0.58
Kris Murray,POR,SF,80,218,4.2,2.6,1.0,0.5,0.2,0.419,0.225,0.456
Duop Reath,POR,C,81,245,4.2,2.0,0.6,0.3,0.3,0.422,0.321,0.909
Cam Spencer,MEM,SG,75,205,4.2,1.2,1.4,0.4,0.0,0.415,0.365,1.0
Maxwell Lewis,2TM,SF,79,215,4.1,2.0,0.7,0.3,0.3,0.417,0.38,0.7
Jaylen Clark,MIN,SG,77,205,4.1,1.3,0.7,0.9,0.1,0.467,0.431,0.784
Caleb Houstan,ORL,SF,80,205,4.1,1.3,0.6,0.4,0.1,0.421,0.4,0.882
Jordan Miller,LAC,SF,77,194,4.1,1.6,0.9,0.5,0.1,0.433,0.211,0.8
Jalen Pickett,DEN,SG,74,202,4.1,1.4,2.2,0.4,0.1,0.428,0.396,0.75
Paul Reed,DET,C,81,210,4.1,2.7,1.0,0.9,0.6,0.507,0.286,0.762
Gui Santos,GSW,PF,79,185,4.1,3.1,1.4,0.4,0.2,0.458,0.33,0.69
Jarred Vanderbilt,LAL,PF,80,214,4.1,5.1,1.1,1.0,0.3,0.488,0.281,0.556
Colby Jones,2TM,SG,78,207,4.0,2.2,1.1,0.7,0.3,0.457,0.327,0.657
Nicolas Batum,LAC,PF,79,230,4.0,2.8,1.1,0.7,0.5,0.437,0.433,0.81
Malachi Flynn,CHO,PG,73,185,4.0,1.8,1.8,0.8,0.0,0.385,0.25,0.833
Ron Harper Jr.,DET,SF,77,233,4.0,7.0,2.0,0.0,0.0,0.125,0.0,1.0
Josh Richardson,MIA,SG,77,200,4.0,1.5,1.5,1.0,0.1,0.289,0.273,1.0
Steven Adams,HOU,C,83,265,3.9,5.6,1.1,0.4,0.5,0.545,0.0,0.462
Kyle Lowry,PHI,PG,72,196,3.9,1.9,2.7,0.9,0.3,0.35,0.33,0.818
Olivier-Maxence Prosper,DAL,PF,79,230,3.9,2.4,0.8,0.5,0.1,0.402,0.235,0.645
Patty Mills,2TM,PG,74,180,3.8,0.8,0.9,0.4,0.1,0.375,0.347,0.929
Branden Carlson,OKC,C,84,220,3.8,1.7,0.4,0.2,0.7,0.443,0.333,0.778
Devin Carter,SAC,PG,74,195,3.8,2.1,1.1,0.6,0.1,0.37,0.295,0.591
Ousmane Dieng,OKC,C,81,185,3.8,2.2,0.8,0.5,0.2,0.432,0.324,0.688
Markieff Morris,2TM,PF,81,245,3.7,1.5,1.4,0.1,0.2,0.3,0.25,0.833
Emoni Bates,CLE,SF,80,202,3.7,0.7,0.8,0.1,0.1,0.342,0.367,0.0
DeAndre Jordan,DEN,C,83,265,3.7,5.1,0.9,0.3,0.5,0.65,0.0,0.422
Craig Porter Jr.,CLE,PG,73,180,3.7,1.3,1.4,0.3,0.3,0.514,0.438,0.719
Jackson Rowe,GSW,PF,79,210,3.7,1.8,0.7,0.7,0.0,0.471,0.3,0.5
Blake Wesley,SAS,SG,76,190,3.7,1.1,2.0,0.6,0.1,0.435,0.293,0.623
JT Thor,2TM,PF,81,203,3.6,2.4,0.3,0.4,0.5,0.424,0.286,0.682
Baylor Scheierman,BOS,SG,78,205,3.6,2.1,1.1,0.5,0.1,0.355,0.317,0.75
Jae'Sean Tate,HOU,SF,76,230,3.6,2.3,0.9,0.5,0.1,0.473,0.348,0.681
Jaylon Tyson,CLE,SG,78,215,3.6,2.0,0.9,0.3,0.1,0.43,0.345,0.792
Elfrid Payton,2TM,PG,75,195,3.5,3.3,6.9,1.0,0.5,0.328,0.167,0.571
Luka Garza,MIN,C,82,243,3.5,1.4,0.3,0.2,0.1,0.495,0.278,0.686
Cory Joseph,ORL,PG,74,200,3.5,1.5,1.4,0.5,0.1,0.403,0.364,0.778
Doug McDermott,SAC,SF,79,225,3.5,0.5,0.2,0.1,0.0,0.427,0.436,0.6
Dario Šarić,DEN,C,82,225,3.5,3.1,1.4,0.4,0.1,0.362,0.269,0.7
Jamaree Bouyea,MIL,PG,74,180,3.4,1.0,2.0,0.8,0.4,0.5,0.2,0.667
Bruno Fernando,TOR,C,81,240,3.4,3.0,1.1,0.2,0.5,0.531,0.0,0.75
Andre Jackson Jr.,MIL,SG,78,209,3.4,2.7,1.2,0.5,0.2,0.477,0.395,0.5
Isaac Jones,SAC,PF,80,245,3.4,1.4,0.3,0.1,0.3,0.651,0.375,0.639
Kevin Knox,GSW,SF,80,215,3.3,1.2,0.4,0.1,0.3,0.5,0.267,0.75
Damion Lee,PHO,SG,78,210,3.3,0.8,0.4,0.2,0.0,0.365,0.243,0.952
Jeenathan Williams,HOU,SG,78,215,3.3,0.7,0.5,0.4,0.2,0.435,0.231,0.625
Elijah Harkless,UTA,SG,75,195,3.2,2.1,0.8,1.0,0.1,0.314,0.28,0.5
Zeke Nnaji,DEN,PF,82,240,3.2,1.6,0.4,0.4,0.7,0.496,0.327,0.614
Cam Reddish,LAL,SF,79,217,3.2,2.0,0.7,1.0,0.3,0.404,0.277,0.615
Delon Wright,2TM,PG,77,185,3.1,1.7,1.9,0.9,0.3,0.344,0.274,0.6
Kylor Kelley,2TM,C,84,215,3.1,3.5,0.5,0.1,0.3,0.636,0.0,0.6
Gary Harris,ORL,SG,76,210,3.0,1.3,0.6,0.5,0.3,0.383,0.356,0.583
Maxi Kleber,DAL,PF,82,240,3.0,2.8,1.3,0.3,0.5,0.385,0.265,0.762
Taze Moore,POR,SG,77,195,3.0,4.0,0.5,1.0,0.0,0.2,0.25,0.5
Rayan Rupert,POR,SG,79,205,3.0,1.3,0.5,0.3,0.1,0.408,0.271,0.767
P.J. Tucker,NYK,SF,77,245,3.0,2.7,0.0,0.3,0.3,0.429,0.5,0.0
Pete Nance,2TM,C,81,225,2.9,1.6,0.8,0.2,0.2,0.438,0.375,0.5
Markelle Fultz,SAC,PG,76,209,2.9,1.0,1.3,0.5,0.1,0.418,0.5,1.0
Taj Gibson,CHO,C,81,232,2.9,3.2,0.6,0.2,0.5,0.495,0.5,0.6
Tyler Smith,MIL,PF,81,224,2.9,1.1,0.2,0.1,0.2,0.48,0.433,0.75
RayJ Dennis,IND,PG,73,180,2.7,1.1,1.3,0.6,0.2,0.333,0.286,1.0
David Duke Jr.,SAS,SG,76,204,2.7,0.8,0.7,0.2,0.0,0.429,0.5,0.5
Keshad Johnson,MIA,SF,78,225,2.7,1.8,0.3,0.3,0.3,0.692,0.429,0.444
Reece Beekman,2TM,PG,75,190,2.6,1.1,1.8,0.9,0.1,0.327,0.175,0.762
Jae Crowder,SAC,PF,78,235,2.6,2.2,0.7,0.3,0.0,0.318,0.267,0.833
Josh Minott,MIN,SF,80,205,2.6,1.0,0.4,0.3,0.3,0.489,0.326,0.895
Hunter Tyson,DEN,PF,80,215,2.6,1.5,0.4,0.2,0.1,0.375,0.311,0.75
Jaden Springer,2TM,PG,76,202,2.5,1.3,0.8,0.6,0.1,0.389,0.25,0.711
Trey Jemison,2TM,C,82,270,2.5,2.8,0.4,0.2,0.4,0.554,0.0,0.394
Anthony Gill,WAS,PF,79,230,2.5,1.3,0.3,0.2,0.0,0.489,0.323,0.66
Dillon Jones,OKC,SF,77,235,2.5,2.2,1.1,0.3,0.1,0.383,0.254,0.607
Pat Spencer,GSW,PG,74,205,2.5,1.2,1.2,0.4,0.1,0.406,0.227,0.733
Johnny Davis,WAS,SG,74,170,2.4,1.1,0.3,0.4,0.2,0.41,0.241,0.6
Christian Koloko,LAL,C,83,225,2.4,2.5,0.4,0.2,0.4,0.606,0.0,0.714
John Konchar,MEM,SG,77,210,2.4,3.3,0.9,0.7,0.3,0.451,0.371,0.875
MarJon Beauchamp,3TM,SF,79,199,2.3,1.3,0.3,0.1,0.0,0.415,0.345,0.75
Bronny James,LAL,SG,74,210,2.3,0.7,0.8,0.3,0.1,0.313,0.281,0.786
Mason Jones,SAC,SG,76,200,2.3,0.9,1.1,0.0,0.1,0.5,0.125,0.8
Miles Norris,BOS,PF,79,220,2.3,3.0,0.0,0.7,0.3,0.222,0.286,0.5
Patrick Baldwin Jr.,2TM,SF,84,220,2.2,1.0,0.1,0.1,0.1,0.543,0.565,0.5
Drew Peterson,BOS,PF,80,205,2.2,1.6,0.5,0.2,0.1,0.415,0.394,0.778
TyTy Washington Jr.,PHO,PG,75,195,2.2,0.8,1.0,0.2,0.0,0.311,0.19,0.5
Jordan McLaughlin,2TM,PG,71,185,2.1,0.7,1.1,0.3,0.0,0.431,0.413,0.773
JD Davison,BOS,PG,73,195,2.1,0.8,0.8,0.3,0.1,0.353,0.222,0.714
Chris Duarte,CHI,SG,77,190,2.1,1.2,0.5,0.0,0.0,0.462,0.4,0.75
Enrique Freeman,IND,PF,81,220,2.1,1.4,0.4,0.1,0.1,0.432,0.1,0.684
Johnny Furphy,IND,SG,80,200,2.1,1.4,0.4,0.4,0.2,0.38,0.3,0.818
Dwight Powell,DAL,C,82,240,2.1,2.1,1.0,0.3,0.4,0.689,0.4,0.651
Josh Christopher,MIA,SG,76,215,2.0,0.6,0.6,0.4,0.2,0.355,0.182,0.667
Tyler Kolek,NYK,PG,74,195,2.0,0.7,1.7,0.3,0.1,0.329,0.298,0.765
Adama Sanogo,CHI,C,81,245,2.0,1.5,0.3,0.0,0.0,0.571,0.0,0.0
Kobe Brown,LAC,PF,79,250,1.9,1.6,0.6,0.2,0.1,0.458,0.231,0.714
Ariel Hukporti,NYK,C,84,246,1.9,2.0,0.4,0.0,0.6,0.677,0.0,0.462
Bobi Klintman,DET,SF,81,225,1.9,0.9,0.9,0.3,0.1,0.6,0.4,0.5
Garrett Temple,TOR,SG,77,195,1.9,1.0,1.1,0.6,0.1,0.3,0.214,0.917
Jericho Sims,2TM,C,82,250,1.8,3.7,0.6,0.2,0.4,0.634,0.0,0.615
Vlatko Čančar,DEN,PF,80,236,1.8,2.5,0.7,0.2,0.2,0.385,0.267,0.0
Adam Flagler,OKC,SG,75,180,1.8,0.7,0.3,0.2,0.1,0.26,0.194,0.5
Trentyn Flowers,LAC,SF,81,185,1.8,0.7,0.0,0.0,0.0,0.364,0.0,1.0
E.J. Liddell,CHI,PF,78,240,1.8,0.8,0.3,0.1,0.1,0.533,0.3,1.0
Jahmir Young,CHI,PG,72,185,1.8,0.5,1.0,0.0,0.0,0.8,0.5,1.0
Pacome Dadiet,NYK,SG,81,210,1.7,1.0,0.3,0.2,0.1,0.323,0.316,0.667
Alex Ducas,OKC,SG,79,220,1.7,1.2,0.2,0.2,0.0,0.4,0.476,1.0
PJ Hall,DEN,C,80,245,1.7,1.2,0.2,0.0,0.2,0.583,0.25,0.75
Emanuel Miller,CHI,PF,77,215,1.7,1.3,0.3,0.2,0.0,0.5,0.0,1.0
Tristan Thompson,CLE,C,81,254,1.7,3.4,0.6,0.1,0.3,0.437,0.0,0.233
Alex Len,2TM,C,84,250,1.6,2.1,0.8,0.2,0.5,0.508,0.222,0.471
Yuki Kawamura,MEM,PG,67,159,1.6,0.5,0.9,0.1,0.0,0.367,0.304,0.778
Jack McVeigh,HOU,PF,80,215,1.6,0.6,0.1,0.0,0.2,0.294,0.308,0.0
Armel Traoré,LAL,SF,81,245,1.6,1.7,0.1,0.4,0.2,0.316,0.0,0.286
Jordan Walsh,BOS,PF,78,205,1.6,1.3,0.4,0.2,0.2,0.361,0.273,0.583
Phillip Wheeler,PHI,PF,80,185,1.6,1.6,0.4,0.2,0.4,0.143,0.0,1.0
Sidy Cissoko,2TM,SF,78,220,1.5,1.0,0.7,0.1,0.0,0.433,0.231,0.333
Jazian Gortman,DAL,PG,74,184,1.5,0.3,0.4,0.1,0.1,0.391,0.364,0.5
Kevin McCullar Jr.,NYK,SF,78,210,1.5,2.0,0.5,0.3,0.3,0.286,0.0,1.0
Leonard Miller,MIN,SF,82,220,1.5,0.8,0.0,0.2,0.1,0.4,0.0,1.0
Quincy Olivari,LAL,PG,75,200,1.5,0.0,0.5,0.0,0.0,0.2,0.2,0.0
Matt Ryan,NYK,SF,78,215,1.5,0.4,0.2,0.1,0.0,0.323,0.316,1.0
Jacob Toppin,2TM,SF,81,200,1.4,0.9,0.4,0.1,0.0,0.409,0.5,0.0
Cam Christie,LAC,SG,77,190,1.4,0.9,0.5,0.4,0.1,0.292,0.154,0.5
Chris Livingston,MIL,SF,78,220,1.4,1.7,0.2,0.2,0.0,0.333,0.0,0.75
Trey Alexander,DEN,SG,77,185,1.3,0.5,0.5,0.1,0.0,0.317,0.176,0.75
Spencer Jones,DEN,SF,79,225,1.3,0.9,0.3,0.3,0.3,0.324,0.059,1.0
Skal Labissière,SAC,PF,82,235,1.3,0.8,0.3,0.0,0.0,0.5,1.0,0.0
Jalen Bridges,PHO,SF,80,225,1.1,0.5,0.0,0.0,0.0,0.286,0.286,0.75
Yuri Collins,GSW,PG,72,190,1.0,1.5,2.0,1.0,0.0,0.333,0.0,0.0
Daniss Jenkins,DET,PG,76,165,1.0,0.3,0.4,0.0,0.0,0.3,0.143,0.0
Braxton Key,GSW,SF,80,225,1.0,0.7,0.0,0.7,0.0,0.0,0.0,0.5
Bryce McGowens,POR,SG,78,190,1.0,0.2,0.2,0.1,0.0,0.286,0.0,0.833
Xavier Tillman Sr.,BOS,C,78,215,1.0,1.3,0.2,0.3,0.2,0.245,0.156,0.75
Luke Travers,CLE,SG,78,207,1.0,1.7,0.7,0.1,0.1,0.25,0.0,1.0
Isaiah Crawford,SAC,SF,78,220,0.9,0.5,0.1,0.1,0.1,0.455,0.2,0.5
Justin Minaya,POR,SF,77,205,0.9,0.5,0.4,0.3,0.1,0.381,0.2,0.0
Anton Watson,NYK,SF,80,225,0.9,0.3,0.2,0.1,0.0,0.444,0.0,0.0
D.J. Carton,TOR,SG,75,200,0.8,1.0,0.8,0.5,0.0,0.143,0.0,1.0
PJ Dozier,MIN,SG,78,205,0.8,0.6,0.6,0.1,0.0,0.667,0.667,0.167
Joe Ingles,MIN,SF,80,220,0.8,0.6,1.2,0.1,0.0,0.261,0.2,0.0
Harrison Ingram,SAS,SF,77,230,0.8,1.8,0.6,0.6,0.0,0.5,0.0,0.0
Ulrich Chomche,TOR,PF,83,235,0.7,1.1,0.3,0.0,0.1,0.4,0.0,0.5
James Johnson,IND,PF,79,240,0.7,0.5,0.3,0.0,0.2,0.364,0.0,0.0
Liam Robbins,MIL,C,84,250,0.7,0.9,0.2,0.2,0.2,0.25,0.0,0.5
Stanley Umude,MIL,SG,78,210,0.7,0.8,0.2,0.1,0.3,0.192,0.2,0.5
Cui Yongxi,BRK,SG,78,215,0.6,0.4,0.0,0.0,0.0,0.143,0.0,0.5
Tristen Newton,2TM,SG,77,190,0.4,0.5,0.3,0.1,0.0,0.125,0.0,1.0
Malevy Leons,OKC,SF,81,210,0.3,0.5,0.2,0.0,0.0,0.0,0.0,0.5
Daishen Nix,MIN,PG,76,238,0.3,1.3,1.0,0.0,0.0,0.0,0.0,0.5
Terence Davis,SAC,SG,76,201,0.0,1.0,1.0,0.0,0.0,0.0,0.0,0.0
Jesse Edwards,MIN,C,84,236,0.0,0.0,0.5,0.0,0.0,0.0,0.0,0.0
Mac McClung,ORL,SG,74,185,0.0,0.5,1.5,0.0,0.0,0.0,0.0,0.0
Jalen McDaniels,WAS,SF,81,190,0.0,0.0,0.3,0.3,0.0,0.0,0.0,0.0
Riley Minix,SAS,SF,79,230,0.0,2.0,0.0,0.0,0.0,0.0,0.0,0.0
Jahlil Okafor,IND,C,82,270,0.0,1.0,1.0,0.0,0.0,0.0,0.0,0.0
Zyon Pullin,MEM,SG,76,206,0.0,0.0,0.0,0.0,0.0,0.0,0.0,0.0
Isaiah Stevens,MIA,PG,71,185,0.0,0.7,0.0,0.3,0.0,0.0,0.0,0.0
Terry Taylor,SAC,PF,76,230,0.0,0.3,0.7,0.0,0.0,0.0,0.0,0.0
